#CHROM,POS,REF,ALT,RawScore,PHRED
14,37132112,C,A,3.809024,26.3
14,37132158,C,A,4.03774,28
14,37132197,C,T,7.721427,39
14,37132198,A,G,3.659031,25.6
14,37132207,T,C,4.182886,29.3
14,37132240,T,C,3.582987,25.3
14,37132243,C,T,4.549859,32
14,37132251,T,A,4.174984,29.3
14,37132258,GCAAGATCC,G,4.766212,32
14,37132270,C,T,4.4384,32
14,37132272,C,T,7.753425,39
14,37132275,T,C,4.279126,30
14,37132287,G,A,4.310972,31
14,37132336,C,T,4.241587,29.8
14,37132341,A,T,3.283796,24.3
14,37132354,A,C,4.130641,28.9
14,37132398,G,A,4.608206,32
14,37132411,G,A,4.482658,32
14,37132420,C,T,4.414689,32
14,37132434,G,A,4.531887,32
14,37132444,A,G,3.920934,27.1
14,37132512,C,A,2.890592,23.3
14,37132535,C,A,2.083294,20.5
14,37132535,C,G,2.072743,20.4
14,37132539,C,T,2.897804,23.3
14,37132540,C,T,3.734013,25.9
14,37132546,C,T,3.770693,26.1
14,37132577,C,A,7.379584,38
14,37132591,C,T,4.332398,31
14,37132593,A,G,2.90956,23.4
14,37132606,C,T,2.559699,22.7
14,37132608,G,A,2.62319,22.8
14,37132609,C,T,3.621474,25.4
14,37132621,C,T,3.931256,27.1
14,37132629,G,T,4.673651,32
14,37132657,C,T,2.821318,23.2
14,37132666,G,A,4.565315,32
14,37132672,G,T,4.510414,32
14,37132689,G,A,3.599037,25.3
14,37132701,C,A,3.903989,26.9
14,37135664,C,T,0.873224,12.52
14,37135670,G,A,2.678267,22.9
14,37135778,C,T,1.074692,13.92
14,37135796,A,G,3.002627,23.6
14,37135807,G,A,4.861175,33
14,37145400,C,G,2.974315,23.5
14,37145435,T,A,2.757891,23.1
14,37145436,G,A,3.448889,24.8
14,37145457,C,T,3.286077,24.3
14,37145475,C,T,7.998553,40
14,37145492,G,C,2.773281,23.1
14,37145538,C,T,8.371554,42
14,37145546,TG,T,3.912996,27
14,37145561,G,T,2.903692,23.4
14,37145565,C,T,2.6324,22.8
14,37145584,C,T,3.254245,24.2
14,37145590,C,T,3.164362,24
14,37145603,G,T,3.19155,24
14,37145611,A,G,2.828055,23.2
14,37145622,G,T,8.502205,43
14,37145631,C,T,3.240985,24.2
14,37145647,C,T,3.723947,25.9
14,37145649,G,A,2.894016,23.3
14,37145652,C,G,3.685267,25.7