#CHROM,POS,REF,ALT,RawScore,PHRED
14,37126780,C,T,1.84911,18.57
14,37126843,C,G,0.035555,3.185
14,37126946,C,A,0.280866,6.964
14,37127011,C,T,0.205931,5.928
14,37127120,G,C,0.23523,6.348
14,37130957,C,T,1.053592,13.78
14,37130974,C,A,0.560676,9.957
14,37131051,G,T,2.072661,20.4
14,37131077,G,A,2.246367,21.7
14,37131109,C,A,1.855915,18.62
14,37131176,A,T,1.835945,18.47
14,37131230,G,A,1.312131,15.25
14,37131296,T,A,4.504728,32
14,37131297,G,A,4.134356,28.9
14,37132103,G,A,1.564732,16.64
14,37132148,C,G,4.099409,28.6
14,37132156,C,T,4.433222,32
14,37132159,T,C,4.392135,32
14,37132173,C,T,4.281809,31
14,37132180,G,C,4.660225,32
14,37132236,C,T,4.403074,32
14,37132247,C,T,1.047758,13.75
14,37132248,G,A,4.456399,32
14,37132277,C,A,7.804716,39
14,37132356,A,T,4.278281,30
14,37132368,A,G,4.312235,31
14,37132386,A,C,4.191763,29.4
14,37132433,C,G,3.428931,24.7
14,37132437,A,T,7.902814,40
14,37132608,G,A,2.62319,22.8
14,37132621,C,T,3.931256,27.1
14,37135718,T,C,3.399843,24.7
14,37135724,G,T,4.211285,29.5
14,37135732,T,C,3.187791,24
14,37145423,T,TC,5.369758,33
14,37145561,G,C,2.885003,23.3
14,37145651,G,A,0.080445,3.934
14,37145888,T,G,1.123335,14.21
14,37145920,A,G,0.862412,12.43
14,37145985,T,A,1.388031,15.65
14,37146000,CAT,C,0.863333,12.44
14,37146168,T,C,1.119972,14.19
14,37146174,GTTTG,G,1.073022,13.91
14,37146559,G,A,0.24131,6.433
14,37146708,T,G,1.070411,13.89